id,price
1,30836
2,13945
3,23738
4,15181
5,13567
6,21099
7,27030
8,13739
9,23164
10,48278
11,83707
12,25438
13,8382
14,7232
15,29161
16,29988
17,16979
18,14263
19,11537
20,91697
21,15525
22,43360
23,22107
24,15139
25,13410
26,53668
27,10762
28,23885
29,34419
30,9094
31,13551
32,19624
33,22054
34,10790
35,23139
36,28607
37,17188
38,21245
39,20918
40,16754
41,13436
42,17566
43,15566
44,10207
45,26446
46,23185
47,23256
48,15876
49,17547
50,20817
51,16423
52,19147
53,11355
54,50086
55,16763
56,13124
57,20689
58,21151
59,13646
60,12400
61,30475
62,12487
63,19656
64,52292
65,26027
66,18602
67,18923
68,18997
69,27997
70,13691
71,21694
72,12102
73,24044
74,23490
75,51769
76,26496
77,14867
78,26858
79,26827
80,39784
81,34315
82,19978
83,7443
84,18770
85,22077
86,36305
87,24408
88,12692
89,25254
90,19360
91,8491
92,24387
93,45518
94,25741
95,14462
96,10241
97,13511
98,12565
99,11939
100,21011
101,17984
102,37710
103,48638
104,15249
105,13258
106,11656
107,23908
108,25114
109,24515
110,13340
111,28269
112,14906
113,81450
114,21604
115,14167
116,20618
117,22991
118,16368
119,22570
120,46307
121,110900
122,20293
123,22566
124,16002
125,14564
126,12573
127,9383
128,51693
129,13502
130,14423
131,19230
132,10624
133,42179
134,17541
135,17385
136,14006
137,22887
138,23227
139,5320
140,17115
141,17017
142,7339
143,18762
144,19816
145,26696
146,21887
147,11766
148,19225
149,13243
150,25049
151,25522
152,24087
153,25162
154,28143
155,11879
156,25192
157,12418
158,22638
159,12112
160,17886
161,11656
162,16223
163,19039
164,49514
165,44909
166,13310
167,9685
168,20135
169,13032
170,22514
171,17403
172,14471
173,12735
174,15067
175,10421
176,13207
177,24571
178,17570
179,10444
180,11945
181,16876
182,11111
183,12661
184,14726
185,22032
186,27796
187,13962
188,18301
189,10212
190,10532
191,14953
192,49587
193,23806
194,44490
195,29323
196,27932
197,5508
198,18143
199,9996
200,26111
201,16433
202,19738
203,10294
204,20967
205,46780
206,7479
207,14102
208,23116
209,12136
210,25636
211,41263
212,22756
213,24703
214,43375
215,9867
216,12892
217,10010
218,55901
219,25433
220,37546
221,23847
222,13688
223,9974
224,13006
225,17598
226,47487
227,6625
228,28114
229,19580
230,11571
231,55753
232,9108
233,23258
234,25876
235,12249
236,24370
237,16449
238,47374
239,41622
240,24571
241,11629
242,15331
243,26966
244,26513
245,15986
246,28774
247,32215
248,9454
249,27111
250,18316
251,24939
252,18528
253,25925
254,27493
255,10680
256,11596
257,29981
258,20571
259,24925
260,10856
261,13537
262,25001
263,13564
264,11262
265,30107
266,24952
267,10572
268,16626
269,46117
270,11950
271,12849
272,24137
273,38141
274,16264
275,58907
276,49397
277,14098
278,20364
279,51726
280,20088
281,18429
282,55595
283,13452
284,24000
285,10065
286,27952
287,16322
288,18053
289,12142
290,11148
291,9997
292,19862
293,16089
294,24571
295,31851
296,25175
297,23819
298,17156
299,12395
300,27948
301,28334
302,14273
303,30699
304,13825
305,51701
306,21954
307,24676
308,49182
309,17121
310,30264
311,25986
312,14876
313,22282
314,20435
315,25965
316,21183
317,25135
318,15032
319,12937
320,32906
321,11375
322,11859
323,36581
324,24003
325,20962
326,35206
327,25872
328,13397
329,14249
330,16259
331,3292
332,25147
333,20991
334,13478
335,10863
336,44102
337,33224
338,19737
339,17101
340,16738
341,23030
342,26009
343,6790
344,25196
345,21413
346,10058
347,20494
348,37655
349,14441
350,14409
351,42723
352,23854
353,21634
354,21103
355,26347
356,10898
357,14043
358,17891
359,29361
360,26472
361,31319
362,20708
363,21747
364,20749
365,62437
366,20173
367,17326
368,14877
369,9498
370,25986
371,16750
372,24380
373,11423
374,26238
375,33794
376,14863
377,19920
378,16149
379,15450
380,15414
381,16744
382,19327
383,24614
384,34693
385,24213
386,15523
387,9478
388,11469
389,16709
390,29389
391,15360
392,19248
393,20993
394,39690
395,22770
396,12342
397,13723
398,48246
399,15380
400,29705
401,26254
402,21052
403,8992
404,18844
405,12069
406,57243
407,16817
408,20105
409,35341
410,18827
411,80494
412,25225
413,24381
414,18713
415,20823
416,27652
417,26794
418,9409
419,12107
420,24644
421,47259
422,13615
423,12696
424,13684
425,51820
426,13962
427,26709
428,25184
429,13158
430,11576
431,13942
432,36978
433,29620
434,28776
435,56593
436,21203
437,14010
438,46256
439,28412
440,8228
441,10430
442,22839
443,19593
444,25840
445,35351
446,17209
447,51471
448,13023
449,13734
450,19510
451,13506
452,25616
453,49165
454,23613
455,12666
456,12490
457,26529
458,11719
459,33858
460,22326
461,21585
462,22466
463,12015
464,12625
465,16667
466,26424
467,27939
468,22833
469,21908
470,29949
471,26544
472,26209
473,30627
474,19957
475,21203
476,11742
477,29270
478,11381
479,14095
480,17792
481,54519
482,20097
483,19769
484,20806
485,13047
486,12521
487,22467
488,19897
489,11228
490,32586
491,17035
492,12507
493,17736
494,21329
495,16435
496,12462
497,19881
498,19136
499,16966
500,16763
501,25481
502,17451
503,30764
504,16302
505,30639
506,18242
507,25031
508,19510
509,13944
510,16334
511,12876
512,22827
513,19276
514,32004
515,9560
516,29948
517,15499
518,12020
519,13222
520,32743
521,54562
522,23410
523,21103
524,27304
525,14312
526,21113
527,13405
528,6325
529,15660
530,23542
531,23732
532,11151
533,12434
534,10153
535,46048
536,26059
537,21646
538,9310
539,11309
540,12908
541,28274
542,23041
543,22144
544,13693
545,15894
546,14525
547,21646
548,11269
549,12114
550,28683
551,8827
552,17962
553,24497
554,10468
555,16993
556,12544
557,53957
558,13723
559,14869
560,8460
561,39613
562,21737
563,14579
564,27398
565,15674
566,19403
567,21457
568,22465
569,9299
570,21464
571,18259
572,30576
573,12496
574,45707
575,22839
576,25148
577,23287
578,18450
579,20040
580,19931
581,15067
582,9936
583,12714
584,21540
585,24809
586,25411
587,24637
588,16742
589,16633
590,21724
591,15167
592,11001
593,10536
594,24088
595,15296
596,22665
597,25160
598,49401
599,10854
600,16876
601,51255
602,77306
603,51539
604,10840
605,19565
606,12161
607,51658
608,16615
609,13135
610,12738
611,22115
612,23976
613,9299
614,11562
615,14499
616,14000
617,24516
618,14333
619,11849
620,24667
621,27939
622,21720
623,9889
624,10575
625,11104
626,33531
627,48794
628,4284
629,15069
630,22023
631,21914
632,17995
633,23290
634,13541
635,23482
636,46034
637,23763
638,10364
639,13693
640,14506
641,12147
642,17348
643,19250
644,34744
645,49540
646,11246
647,10905
648,28523
649,8887
650,14104
651,34719
652,24507
653,18965
654,11567
655,29123
656,10180
657,25000
658,13069
659,22348
660,13107
661,22809
662,16905
663,11473
664,12004
665,31243
666,22699
667,10056
668,14877
669,18914
670,20327
671,20494
672,20343
673,14575
674,25561
675,13572
676,18953
677,20912
678,13408
679,21806
680,16912
681,25909
682,13160
683,28187
684,25655
685,29274
686,48078
687,12021
688,25850
689,12952
690,11895
691,80817
692,10399
693,14251
694,24136
695,15626
696,31298
697,19989
698,24858
699,30627
700,17487
701,15457
702,7741
703,23142
704,31133
705,27811
706,27739
707,12258
708,25738
709,55951
710,20826
711,84932
712,7133
713,13722
714,22062
715,17347
716,19653
717,15141
718,22060
719,18013
720,11811
721,26183
722,26647
723,19664
724,10103
725,21885
726,10684
727,16722
728,9849
729,25737
730,24222
731,11674
732,21750
733,25583
734,25630
735,13792
736,21638
737,23185
738,19653
739,8873
740,20878
741,32322
742,22477
743,45155
744,24828
745,14585
746,11125
747,14540
748,13716
749,45616
750,18494
751,23847
752,11367
753,9462
754,10432
755,27045
756,29227
757,10674
758,25633
759,16660
760,22576
761,58907
762,38760
763,11056
764,9260
765,14940
766,28702
767,17861
768,18810
769,18426
770,11905
771,14234
772,22999
773,14258
774,10904
775,32906
776,11212
777,18729
778,11704
779,26899
780,35341
781,1043
782,16086
783,25757
784,25728
785,60760
786,18040
787,27085
788,21626
789,19007
790,28691
791,18433
792,10345
793,25376
794,26145
795,29713
796,7816
797,47105
798,11926
799,14523
800,22320
801,24423
802,11232
803,27687
804,48752
805,45508
806,49579
807,13325
808,11464
809,11962
810,17755
811,10405
812,27498
813,21908
814,34405
815,9434
816,22797
817,19797
818,13942
819,41742
820,17549
821,27765
822,23010
823,19803
824,24928
825,23772
826,17955
827,11290
828,15400
829,57901
830,15169
831,13078
832,30764
833,23817
834,29834
835,50863
836,127154
837,29791
838,26444
839,22699
840,20441
841,29227
842,11751
843,23520
844,20513
845,14014
846,24531
847,19797
848,24019
849,13174
850,27868
851,23731
852,18124
853,17192
854,20247
855,10963
856,28204
857,15769
858,16366
859,10783
860,16196
861,17813
862,14960
863,19710
864,15694
865,17963
866,23815
867,15625
868,56817
869,26662
870,13150
871,26063
872,11320
873,13686
874,23047
875,25106
876,26666
877,16538
878,16852
879,14858
880,52336
881,32204
882,15166
883,40528
884,25522
885,17767
886,18717
887,20472
888,21115
889,21999
890,26670
891,10571
892,52910
893,22933
894,22252
895,11413
896,8288
897,9226
898,30285
899,21442
900,13246
901,13266
902,8367
903,9458
904,22251
905,19855
906,14768
907,9576
908,39515
909,14673
910,23372
911,14018
912,23404
913,17034
914,39514
915,23243
916,17709
917,17550
918,27765
919,14017
920,12238
921,13537
922,17069
923,18317
924,26965
925,18272
926,24075
927,13568
928,13861
929,10606
930,14015
931,45692
932,11090
933,28491
934,50308
935,25262
936,15894
937,15018
938,20781
939,20016
940,47019
941,37968
942,25566
943,16743
944,13789
945,20106
946,12116
947,20820
948,11963
949,13242
950,19261
951,15885
952,10486
953,25576
954,12284
955,18078
956,15239
957,4989
958,17166
959,12953
960,14474
961,8219
962,10263
963,8843
964,23830
965,22300
966,16124
967,14012
968,12698
969,20310
970,20648
971,13859
972,19479
973,13659
974,38614
975,23885
976,10807
977,26036
978,54939
979,23597
980,20407
981,10612
982,19313
983,31094
984,38642
985,18788
986,14651
987,14791
988,12608
989,11218
990,10890
991,11952
992,11519
993,12139
994,27527
995,14649
996,38824
997,15069
998,26096
999,15770
1000,18689
1001,13510
1002,25986
1003,53149
1004,24021
1005,11590
1006,20450
1007,12384
1008,23102
1009,48702
1010,12441
1011,29387
1012,32774
1013,18490
1014,26094
1015,33755
1016,50278
1017,26385
1018,16517
1019,22868
1020,14134
1021,13999
1022,15105
1023,39069
1024,11393
1025,19675
1026,18446
1027,13616
1028,13670
1029,13882
1030,17635
1031,18495
1032,21260
1033,19347
1034,24592
1035,15912
1036,20618
1037,25600
1038,19321
1039,23541
1040,22954
1041,24257
1042,18629
1043,20408
1044,26533
1045,17575
1046,15417
1047,17772
1048,17534
1049,53631
1050,16430
1051,22606
1052,11841
1053,18258
1054,49771
1055,24365
1056,8463
1057,16618
1058,26343
1059,51694
1060,21291
1061,13376
1062,24329
1063,23853
1064,19293
1065,11729
1066,19393
1067,11391
1068,12602
1069,12933
1070,13489
1071,17355
1072,47672
1073,12151
1074,14775
1075,10738
1076,16834
1077,10581
1078,22248
1079,47214
1080,25625
1081,14367
1082,13322
1083,15890
1084,23435
1085,31841
1086,45338
1087,16762
1088,15540
1089,49213
1090,43705
1091,23703
1092,48780
1093,17423
1094,24920
1095,15514
1096,21550
1097,10824
1098,19643
1099,16222
1100,25311
1101,9373
1102,19063
1103,24220
1104,19797
1105,11723
1106,28415
1107,19309
1108,16346
1109,12830
1110,11400
1111,12131
1112,18686
1113,12408
1114,25189
1115,18654
1116,46879
1117,35511
1118,26589
1119,13550
1120,12270
1121,6181
1122,28698
1123,17198
1124,8023
1125,16227
1126,19498
1127,25836
1128,19837
1129,16010
1130,45357
1131,29702
1132,22181
1133,20132
1134,19588
1135,13789
1136,15996
1137,11742
1138,17308
1139,10979
1140,20827
1141,22920
1142,13655
1143,30105
1144,12874
1145,18790
1146,24110
1147,16673
1148,50215
1149,15680
1150,17284
1151,13892
1152,33068
1153,23092
1154,13048
1155,14533
1156,19310
1157,24414
1158,30964
1159,7389
1160,13716
1161,13311
1162,58862
1163,12771
1164,19403
1165,31129
1166,21028
1167,8228
1168,26718
1169,14526
1170,22198
1171,24758
1172,14293
1173,11901
1174,18385
1175,11891
1176,26679
1177,48841
1178,15603
1179,31883
1180,12979
1181,19492
1182,14207
1183,12214
1184,24125
1185,33634
1186,14197
1187,44168
1188,47229
1189,11997
1190,54465
1191,22299
1192,12879
1193,30219
1194,37715
1195,13905
1196,33514
1197,17904
1198,19773
1199,25179
1200,17211
1201,47197
1202,25821
1203,12133
1204,17387
1205,22685
1206,27013
1207,20023
1208,19508
1209,17533
1210,16541
1211,25920
1212,46957
1213,13865
1214,14810
1215,15823
1216,22151
1217,46092
1218,53363
1219,23384
1220,26715
1221,24964
1222,9800
1223,12515
1224,14893
1225,25609
1226,16756
1227,18223
1228,18053
1229,16738
1230,21624
1231,21458
1232,18810
1233,19166
1234,15231
1235,16493
1236,26248
1237,48382
1238,15641
1239,24285
1240,22167
1241,14631
1242,16319
1243,17658
1244,47042
1245,16751
1246,19183
1247,8529
1248,28133
1249,25805
1250,20806
1251,18376
1252,13766
1253,19277
1254,14629
1255,25797
1256,27629
1257,24428
1258,26670
1259,21825
1260,26123
1261,10068
1262,22057
1263,14328
1264,40258
1265,9983
1266,12658
1267,24058
1268,21986
1269,20039
1270,11643
1271,14051
1272,28596
1273,12557
1274,22081
1275,9411
1276,27558
1277,37518
1278,13946
1279,8732
1280,10376
1281,12408
1282,23879
1283,21154
1284,40457
1285,28176
1286,20785
1287,12440
1288,14281
1289,29175
1290,15835
1291,10572
1292,12367
1293,17908
1294,9622
1295,8189
1296,13052
1297,16859
1298,22030
1299,11899
1300,20083
1301,48651
1302,12641
1303,17779
1304,10666
1305,11945
1306,13492
1307,23635
1308,37226
1309,13859
1310,13264
1311,16370
1312,11236
1313,17576
1314,26238
1315,6855
1316,31332
1317,20039
1318,15556
1319,21147
1320,10188
1321,10516
1322,13224
1323,31085
1324,14959
1325,10421
1326,26275
1327,29567
1328,27632
1329,14804
1330,16225
1331,23817
1332,8529
1333,20493
1334,19773
1335,13031
1336,13935
1337,12150
1338,34388
1339,23094
1340,28816
1341,14208
1342,14471
1343,23615
1344,18451
1345,12126
1346,14476
1347,13769
1348,14158
1349,20116
1350,11661
1351,15272
1352,14653
1353,8643
1354,4386
1355,32215
1356,12020
1357,15094
1358,14014
1359,28515
1360,28319
1361,14316
1362,24863
1363,19400
1364,26533
1365,22086
1366,16584
1367,13071
1368,17360
1369,27739
1370,28638
1371,9779
1372,29684
1373,48368
1374,19494
1375,22289
1376,58149
1377,8980
1378,24746
1379,30542
1380,15690
1381,17303
1382,16508
1383,113020
1384,24484
1385,16488
1386,42115
1387,16254
1388,16206
1389,24090
1390,16244
1391,15642
1392,22524
1393,21131
1394,11845
1395,8353
1396,21533
1397,11770
1398,26472
1399,15770
1400,23102
1401,21630
1402,6621
1403,25850
1404,47414
1405,26311
1406,53110
1407,17678
1408,6527
1409,8402
1410,5820
1411,9142
1412,11030
1413,19994
1414,14917
1415,19473
1416,21814
1417,16016
1418,21650
1419,17592
1420,10982
1421,29632
1422,12708
1423,12905
1424,31540
1425,14656
1426,16419
1427,12342
1428,18113
1429,13582
1430,20139
1431,9922
1432,10860
1433,20326
1434,12403
1435,9447
1436,13916
1437,19559
1438,15169
1439,18094
1440,50471
1441,13389
1442,17845
1443,29420
1444,13125
1445,10607
1446,21309
1447,25350
1448,11281
1449,21974
1450,36885
1451,15033
1452,22954
1453,12435
1454,28385
1455,12213
1456,29155
1457,24644
1458,33985
1459,29238
1460,11982
1461,26540
1462,72340
1463,36736
1464,18578
1465,22219
1466,18002
1467,18173
1468,19580
1469,12869
1470,25603
1471,25320
1472,37299
1473,11271
1474,22106
1475,17481
1476,22319
1477,25959
1478,52557
1479,33618
1480,11945
1481,21968
1482,36539
1483,16641
1484,8798
1485,10764
1486,20718
1487,7862
1488,14008
1489,23630
1490,16858
1491,10846
1492,13492
1493,23948
1494,19542
1495,11661
1496,26426
1497,23877
1498,22548
1499,24428
1500,25438
1501,28944
1502,13577
1503,13943
1504,17502
1505,11717
1506,9932
1507,23937
1508,9756
1509,12010
1510,21493
1511,30187
1512,13685
1513,29779
1514,13681
1515,10885
1516,13410
1517,9646
1518,41585
1519,21533
1520,63766
1521,10401
1522,53535
1523,15823
1524,18785
1525,12695
1526,25134
1527,17238
1528,13848
1529,19309
1530,12026
1531,9030
1532,20679
1533,18736
1534,17384
1535,14021
1536,28074
1537,12677
1538,21260
1539,19721
1540,24006
1541,15179
1542,14202
1543,20020
1544,58907
1545,12303
1546,29904
1547,24018
1548,13488
1549,11809
1550,18109
1551,10883
1552,20339
1553,11466
1554,16819
1555,23074
1556,23121
1557,14869
1558,19347
1559,16389
1560,17623
1561,17057
1562,23281
1563,14015
1564,9928
1565,8819
1566,13576
1567,28978
1568,22215
1569,27467
1570,21666
1571,13752
1572,25630
1573,16414
1574,24285
1575,27256
1576,19370
1577,21994
1578,9836
1579,15651
1580,24414
1581,14523
1582,28166
1583,21339
1584,17630
1585,30851
1586,23566
1587,16281
1588,18473
1589,17178
1590,18858
1591,34779
1592,17199
1593,34333
1594,41754
1595,15532
1596,29125
1597,9847
1598,24054
1599,25021
1600,24843
1601,18470
1602,33752
1603,23155
1604,26809
1605,12153
1606,28047
1607,23863
1608,22939
1609,17250
1610,15086
1611,17221
1612,18186
1613,16024
1614,20019
1615,17385
1616,24190
1617,16802
1618,12616
1619,47259
1620,20078
1621,14709
1622,22459
1623,21885
1624,18738
1625,26385
1626,44213
1627,8618
1628,14168
1629,22087
1630,23396
1631,14044
1632,17529
1633,20324
1634,26032
1635,24428
1636,25872
1637,14130
1638,13024
1639,23772
1640,11067
1641,8785
1642,30976
1643,13608
1644,9251
1645,17437
1646,19953
1647,30764
1648,13853
1649,23117
1650,27905
1651,23496
1652,11953
1653,22879
1654,16092
1655,4510
1656,18689
1657,24280
1658,30079
1659,31901
1660,11016
1661,16666
1662,17838
1663,14541
1664,26381
1665,24396
1666,28836
1667,10378
1668,18986
1669,10777
1670,47775
1671,26520
1672,13319
1673,24318
1674,36958
1675,23735
1676,44681
1677,11553
1678,15190
1679,17961
1680,21061
1681,10169
1682,21483
1683,29477
1684,11269
1685,23054
1686,7677
1687,8938
1688,12581
1689,24750
1690,23554
1691,22070
1692,22888
1693,52857
1694,12875
1695,16166
1696,29014
1697,20454
1698,29132
1699,21854
1700,19685
1701,48999
1702,16561
1703,19022
1704,13237
1705,24447
1706,16425
1707,22251
1708,23803
1709,13998
1710,27775
1711,25741
1712,8296
1713,15994
1714,26371
1715,30085
1716,20124
1717,25625
1718,30560
1719,14985
1720,17294
1721,37284
1722,13650
1723,13985
1724,7401
1725,18227
1726,16467
1727,23530
1728,19653
1729,10513
1730,20553
1731,15603
1732,21931
1733,8302
1734,20751
1735,13778
1736,29227
1737,10962
1738,13363
1739,12665
1740,24433
1741,22627
1742,20316
1743,21005
1744,23024
1745,20454
1746,19835
1747,22186
1748,10228
1749,24355
1750,51554
1751,21911
1752,56813
1753,14001
1754,25659
1755,15186
1756,13905
1757,24644
1758,17113
1759,24481
1760,18662
1761,30957
1762,13034
1763,27285
1764,20570
1765,22199
1766,19525
1767,15075
1768,18283
1769,24310
1770,15105
1771,58406
1772,24946
1773,24266
1774,11133
1775,10134
1776,12471
1777,14291
1778,25488
1779,7273
1780,33630
1781,25498
1782,13620
1783,11445
1784,20344
1785,18426
1786,42446
1787,32680
1788,11600
1789,22232
1790,12394
1791,11356
1792,12195
1793,22339
1794,46248
1795,23251
1796,10453
1797,26098
1798,14451
1799,26121
1800,21776
1801,15224
1802,26822
1803,12341
1804,13474
1805,27982
1806,12116
1807,17842
1808,19953
1809,24642
1810,21680
1811,14065
1812,37234
1813,32189
1814,23615
1815,13237
1816,27342
1817,30771
1818,26902
1819,25678
1820,26587
1821,15413
1822,33033
1823,16246
1824,21164
1825,11602
1826,7859
1827,19855
1828,23286
1829,16377
1830,12888
1831,27322
1832,16196
1833,14045
1834,10004
1835,18783
1836,12498
1837,9446
1838,13514
1839,18452
1840,25893
1841,12860
1842,17290
1843,20454
1844,8862
1845,21886
1846,13464
1847,17329
1848,16245
1849,16070
1850,19083
1851,13345
1852,12834
1853,96666
1854,14728
1855,10846
1856,11494
1857,26883
1858,51932
1859,22581
1860,12726
1861,44002
1862,20149
1863,36425
1864,11812
1865,23426
1866,20985
1867,14220
1868,30657
1869,25652
1870,11556
1871,11383
1872,31714
1873,10674
1874,78838
1875,14838
1876,18789
1877,24461
1878,3744
1879,23633
1880,26732
1881,16811
1882,27693
1883,10326
1884,19449
1885,21725
1886,13635
1887,27717
1888,24394
1889,24067
1890,21593
1891,22918
1892,12022
1893,11127
1894,27912
1895,18476
1896,11442
1897,17494
1898,19975
1899,25562
1900,12957
1901,14379
1902,19179
1903,18590
1904,17266
1905,23472
1906,12243
1907,21581
1908,20618
1909,28485
1910,20783
1911,28843
1912,9193
1913,18353
1914,83659
1915,56692
1916,13149
1917,10732
1918,30143
1919,11590
1920,28641
1921,13350
1922,17180
1923,27712
1924,27404
1925,7923
1926,9137
1927,28062
1928,15860
1929,23948
1930,28185
1931,17050
1932,11313
1933,21725
1934,25508
1935,6973
1936,12534
1937,12339
1938,22467
1939,93260
1940,14586
1941,15074
1942,19618
1943,17222
1944,21856
1945,7442
1946,4162
1947,21812
1948,17963
1949,23513
1950,26331
1951,12015
1952,36329
1953,9622
1954,27193
1955,11387
1956,27371
1957,29670
1958,23418
1959,15248
1960,11142
1961,15845
1962,13649
1963,17426
1964,25515
1965,17882
1966,12134
1967,18450
1968,28019
1969,9041
1970,19072
1971,19149
1972,31635
1973,15409
1974,20785
1975,46178
1976,15058
1977,10798
1978,25570
1979,19603
1980,20678
1981,25583
1982,16513
1983,11412
1984,18943
1985,12067
1986,24640
1987,14601
1988,13254
1989,9261
1990,12317
1991,21821
1992,17448
1993,23467
1994,11126
1995,14937
1996,30826
1997,18156
1998,48708
1999,12123
2000,14329
2001,8618
2002,28182
2003,11825
2004,22756
2005,22847
2006,19530
2007,25579
2008,15518
2009,32006
2010,19212
2011,10168
2012,8802
2013,22494
2014,21113
2015,13914
2016,8849
2017,40727
2018,22271
2019,18090
2020,15385
2021,11216
2022,24655
2023,22438
2024,13325
2025,28430
2026,45544
2027,22635
2028,25630
2029,49625
2030,27178
2031,22868
2032,17774
2033,21876
2034,20715
2035,29227
2036,11343
2037,45080
2038,15651
2039,14512
2040,24428
2041,26662
2042,24939
2043,30442
2044,17781
2045,11309
2046,63349
2047,34235
2048,11115
2049,49196
2050,22626
2051,21857
2052,9717
2053,13635
2054,20613
2055,18312
2056,21619
2057,11552
2058,10480
2059,16936
2060,7770
2061,25624
2062,20785
2063,25292
2064,22817
2065,24008
2066,27897
2067,18283
2068,16620
2069,55129
2070,15845
2071,23094
2072,12937
2073,15083
2074,20555
2075,12414
2076,35915
2077,16557
2078,21200
2079,20078
2080,16118
2081,24755
2082,11567
2083,27969
2084,10270
2085,15853
2086,13185
2087,20691
2088,20505
2089,19904
2090,28114
2091,17631
2092,3463
2093,2565
2094,41742
2095,7995
2096,23623
2097,19140
2098,22202
2099,10258
2100,25155
2101,23215
2102,5759
2103,11047
2104,24190
2105,15914
2106,10892
2107,18332
2108,31464
2109,14529
2110,25136
2111,14315
2112,24458
2113,27756
2114,22892
2115,22947
2116,24489
2117,9409
2118,22173
2119,26963
2120,23812
2121,21204
2122,48305
2123,11672
2124,29655
2125,21754
2126,21621
2127,18957
2128,22357
2129,26201
2130,18244
2131,12879
2132,19989
2133,19599
2134,19531
2135,30397
2136,13146
2137,46679
2138,21848
2139,14335
2140,13782
2141,20022
2142,12783
2143,14836
2144,19101
2145,12465
2146,28457
2147,80117
2148,15467
2149,26238
2150,22671
2151,21091
2152,28827
2153,16685
2154,37405
2155,14265
2156,20300
2157,16485
2158,19920
2159,23102
2160,12563
2161,14038
2162,30764
2163,19191
2164,41833
2165,6530
2166,20740
2167,12470
2168,17427
2169,23778
2170,17311
2171,24565
2172,12558
2173,25393
2174,9709
2175,8470
2176,21859
2177,19973
2178,18474
2179,22064
2180,16253
2181,20025
2182,18595
2183,9300
2184,17312
2185,13892
2186,10390
2187,13351
2188,24681
2189,13226
2190,17461
2191,15632
2192,15123
2193,23013
2194,19559
2195,12032
2196,14451
2197,10845
2198,10593
2199,9963
2200,20288
2201,11452
2202,23615
2203,12086
2204,12876
2205,24260
2206,27942
2207,11386
2208,9364
2209,21856
2210,13567
2211,23359
2212,17880
2213,11892
2214,16846
2215,49090
2216,21747
2217,30882
2218,23148
2219,26630
2220,26343
2221,11934
2222,26284
2223,40079
2224,53953
2225,41387
2226,13968
2227,23398
2228,10708
2229,13079
2230,31860
2231,12894
2232,27992
2233,26572
2234,12707
2235,10864
2236,9853
2237,47467
2238,10438
2239,11302
2240,32914
2241,10905
2242,10493
2243,9027
2244,11654
2245,33224
2246,19062
2247,14804
2248,46356
2249,26418
2250,5097
2251,27894
2252,8887
2253,13596
2254,9566
2255,8982
2256,26425
2257,21570
2258,25035
2259,27612
2260,21501
2261,11054
2262,46379
2263,12396
2264,8711
2265,22228
2266,51443
2267,23993
2268,24313
2269,23487
2270,8822
2271,20344
2272,19842
2273,11976
2274,12473
2275,33350
2276,11702
2277,17989
2278,18206
2279,48818
2280,19994
2281,22535
2282,9266
2283,14987
2284,24381
2285,14539
2286,14074
2287,19834
2288,23331
2289,23826
2290,16074
2291,14868
2292,33592
2293,25917
2294,16700
2295,8932
2296,39488
2297,25633
2298,15374
2299,11841
2300,26269
2301,13511
2302,17315
2303,15419
2304,13523
2305,20420
2306,16201
2307,12022
2308,23578
2309,12288
2310,19514
2311,15543
2312,12384
2313,11654
2314,11313
2315,12533
2316,17774
2317,26206
2318,13090
2319,12879
2320,8456
2321,12491
2322,23534
2323,21445
2324,16743
2325,23511
2326,14065
2327,11675
2328,24631
2329,26857
2330,35014
2331,50503
2332,13286
2333,15040
2334,25286
2335,11172
2336,12321
2337,11602
2338,28777
2339,25975
2340,26263
2341,32559
2342,18564
2343,12213
2344,23429
2345,14402
2346,21757
2347,17485
2348,23305
2349,14261
2350,9645
2351,19862
2352,13826
2353,22972
2354,10762
2355,13533
2356,18174
2357,24911
2358,48619
2359,30874
2360,16268
2361,22024
2362,24408
2363,23209
2364,28185
2365,29526
2366,24644
2367,33445
2368,18036
2369,11863
2370,10045
2371,12076
2372,52543
2373,10613
2374,16202
2375,28127
2376,15058
2377,21834
2378,51164
2379,16281
2380,47078
2381,22055
2382,12708
2383,15077
2384,11931
2385,14265
2386,13789
2387,27604
2388,27193
2389,14074
2390,6725
2391,35111
2392,25850
2393,47772
2394,10717
2395,7712
2396,22167
2397,27756
2398,20928
2399,25749
2400,12756
2401,13015
2402,17055
2403,10610
2404,21713
2405,8454
2406,12597
2407,24369
2408,17992
2409,23269
2410,13852
2411,13924
2412,14265
2413,28540
2414,14401
2415,20113
2416,14916
2417,15790
2418,17533
2419,24600
2420,16108
2421,26547
2422,16544
2423,20699
2424,48083
2425,13336
2426,24015
2427,13148
2428,10134
2429,13932
2430,40893
2431,12513
2432,30674
2433,23035
2434,26966
2435,14275
2436,20402
2437,22737
2438,14619
2439,21284
2440,23833
2441,8587
2442,14960
2443,44415
2444,25231
2445,20078
2446,14654
2447,19533
2448,46024
2449,17156
2450,31514
2451,8819
2452,17068
2453,20531
2454,21288
2455,23894
2456,19602
2457,31900
2458,15548
2459,25641
2460,27997
2461,23721
2462,12981
2463,15545
2464,10686
2465,9655
2466,11454
2467,21761
2468,27088
2469,16291
2470,22950
2471,17750
2472,44460
2473,9631
2474,18139
2475,7410
2476,19854
2477,19855
2478,13391
2479,21702
2480,12148
2481,9250
2482,10988
2483,11379
2484,14703
2485,13648
2486,21963
2487,16363
2488,37484
2489,25775
2490,17340
2491,21778
2492,20112
2493,21874
2494,30400
2495,22231
2496,23884
2497,27759
2498,28505
2499,13728
2500,23531
2501,12351
2502,17047
2503,16184
2504,13199
2505,20251
2506,45454
2507,24291
2508,16776
2509,22237
2510,23778
2511,28335
2512,40677
2513,20850
2514,16646
2515,22837
2516,13955
2517,27964
2518,24903
2519,57150
2520,19938
2521,22422
2522,28101
2523,23153
2524,8680
2525,12076
2526,7032
2527,14267
2528,23966
2529,12880
2530,14739
2531,24830
2532,14601
2533,9784
2534,16207
2535,28371
2536,16903
2537,19592
2538,24428
2539,55253
2540,31433
2541,20952
2542,17079
2543,20062
2544,19373
2545,12892
2546,34744
2547,8827
2548,13082
2549,23535
2550,19926
2551,27875
2552,10226
2553,25986
2554,14578
2555,14410
2556,11111
2557,17593
2558,8618
2559,30917
2560,46195
2561,51769
2562,13194
2563,31615
2564,13139
2565,43295
2566,28080
2567,15030
2568,21602
2569,11497
2570,10172
2571,10296
2572,15710
2573,50878
2574,21137
2575,23553
2576,27933
2577,47758
2578,20888
2579,9243
2580,11398
2581,19098
2582,23876
2583,26533
2584,16367
2585,14568
2586,23758
2587,10873
2588,21672
2589,23668
2590,11020
2591,16464
2592,10872
2593,15324
2594,19843
2595,19111
2596,20061
2597,22584
2598,15265
2599,10010
2600,21029
2601,22770
2602,21736
2603,15151
2604,10989
2605,33711
2606,20091
2607,25523
2608,30105
2609,22052
2610,11856
2611,16501
2612,14670
2613,15312
2614,24106
2615,40138
2616,28800
2617,17515
2618,20408
2619,32666
2620,13765
2621,80387
2622,13475
2623,46278
2624,41410
2625,15967
2626,10146
2627,10378
2628,25426
2629,13162
2630,21726
2631,18506
2632,13256
2633,12413
2634,20563
2635,11140
2636,12684
2637,16507
2638,22327
2639,19121
2640,22277
2641,13286
2642,21147
2643,27827
2644,19674
2645,20763
2646,24938
2647,20613
2648,22618
2649,54380
2650,8727
2651,27755
2652,28236
2653,20587
2654,18384
2655,21787
2656,23036
2657,9937
2658,50068
2659,15097
2660,19231
2661,50000
2662,11735
2663,15326
2664,14911
2665,10039
2666,15702
2667,20551
2668,25562
2669,10844
2670,54682
2671,29754
2672,12518
2673,42217
2674,18069
2675,27868
2676,12893
2677,19883
2678,23569
2679,10153
2680,33299
2681,47387
2682,17400
2683,22759
2684,8126
2685,13017
2686,14631
2687,11578
2688,24043
2689,24078
2690,26164
2691,16492
2692,24087
2693,21921
2694,30664
2695,19529
2696,20082
2697,6775
2698,23185
2699,27265
2700,14122
2701,18887
2702,22478
2703,31205
2704,28875
2705,22922
2706,12688
2707,26912
2708,21103
2709,14409
2710,24502
2711,11423
2712,13711
2713,26343
2714,10360
2715,23397
2716,29449
2717,24880
2718,14076
2719,36930
2720,19670
2721,17802
2722,27592
2723,24428
2724,12902
2725,21064
2726,36577
2727,14820
2728,18613
2729,26749
2730,25677
2731,26878
2732,21922
2733,19967
2734,16426
2735,33033
2736,30342
2737,21510
2738,13993
2739,20107
2740,23265
2741,16895
2742,25665
2743,19932
2744,19932
2745,12751
2746,7592
2747,18400
2748,21146
2749,26985
2750,12300
2751,14668
2752,25656
2753,27139
2754,20199
2755,16420
2756,22059
2757,11906
2758,17704
2759,13840
2760,14541
2761,25583
2762,21003
2763,8358
2764,21444
2765,16891
2766,5510
2767,22418
2768,18527
2769,11252
2770,10866
2771,12195
2772,27260
2773,17543
2774,13553
2775,12847
2776,20413
2777,28062
2778,52336
2779,15815
2780,15208
2781,17311
2782,23586
2783,33296
2784,27122
2785,13964
2786,10813
2787,25964
2788,26298
2789,15852
2790,16370
2791,18398
2792,23100
2793,44240
2794,25021
2795,20259
2796,22443
2797,17725
2798,21442
2799,13184
2800,10333
2801,22484
2802,15792
2803,28088
2804,24412
2805,21364
2806,34183
2807,20816
2808,18864
2809,13718
2810,45459
2811,15370
2812,13622
2813,15519
2814,14779
2815,10777
2816,13466
2817,19659
2818,22599
2819,24074
2820,26841
2821,20688
2822,12478
2823,9722
2824,12714
2825,14292
2826,50311
2827,11616
2828,13137
2829,26759
2830,16411
2831,13104
2832,13200
2833,48514
2834,45507
2835,16187
2836,17105
2837,18281
2838,22211
2839,19813
2840,13575
2841,18951
2842,21696
2843,30175
2844,21150
2845,21110
2846,14525
2847,11283
2848,14705
2849,11579
2850,8809
2851,18993
2852,28014
2853,13105
2854,25722
2855,19726
2856,14130
2857,19914
2858,12507
2859,25047
2860,93291
2861,18736
2862,25823
2863,11632
2864,54647
2865,18510
2866,17652
2867,14074
2868,15870
2869,25357
2870,11035
2871,16936
2872,25907
2873,24102
2874,18346
2875,31511
2876,18247
2877,12653
2878,8647
2879,13135
2880,22528
2881,16170
2882,19808
2883,7357
2884,28330
2885,15193
2886,21659
2887,21158
2888,14021
2889,16207
2890,12360
2891,14088
2892,19542
2893,27721
2894,16587
2895,19179
2896,13610
2897,11049
2898,19334
2899,11504
2900,22060
2901,19504
2902,20647
2903,17048
2904,22188
2905,21225
2906,14199
2907,18755
2908,21282
2909,19214
2910,12635
2911,12313
2912,57284
2913,13508
2914,28680
2915,17257
2916,23555
2917,21070
2918,37626
2919,19157
2920,32311
2921,13509
2922,26395
2923,15981
2924,11402
2925,14937
2926,36854
2927,28491
2928,28877
2929,9011
2930,11614
2931,27258
2932,53522
2933,18486
2934,22944
2935,18318
2936,28228
2937,26413
2938,16597
2939,19994
2940,13489
2941,17336
2942,15387
2943,21775
2944,15539
2945,16848
2946,20082
2947,11472
2948,48702
2949,14434
2950,17176
2951,18899
2952,13200
2953,24947
2954,23220
2955,48702
2956,17417
2957,24000
2958,13805
2959,15147
2960,13436
2961,11503
2962,24554
2963,12750
2964,22285
2965,14790
2966,23220
2967,25172
2968,24256
2969,12543
2970,25532
2971,27722
2972,27879
2973,22236
2974,27414
2975,16641
2976,11339
2977,10314
2978,17558
2979,21790
2980,10538
2981,24023
2982,29235
2983,27316
2984,29186
2985,14804
2986,40568
2987,14126
2988,50396
2989,24205
2990,11836
2991,8366
2992,23684
2993,12880
2994,15002
2995,53392
2996,18059
2997,24939
2998,25481
2999,20634
3000,23290
3001,11913
3002,21314
3003,71470
3004,20207
3005,15903
3006,12214
3007,18281
3008,25084
3009,23674
3010,19076
3011,12899
3012,11583
3013,19946
3014,9175
3015,20016
3016,32624
3017,31758
3018,15178
3019,23511
3020,19456
3021,22032
3022,22055
3023,17090
3024,26732
3025,10632
3026,25449
3027,12325
3028,19796
3029,19773
3030,14444
3031,24324
3032,13166
3033,16848
3034,13952
3035,13377
3036,28981
3037,48853
3038,15754
3039,16383
3040,23904
3041,6498
3042,12524
3043,28074
3044,24013
3045,13320
3046,12351
3047,20969
3048,26011
3049,39122
3050,22091
3051,30651
3052,49837
3053,30206
3054,21524
3055,10432
3056,14158
3057,12122
3058,14070
3059,17558
3060,7079
3061,25530
3062,21732
3063,19806
3064,19107
3065,27462
3066,14310
3067,27700
3068,15369
3069,19409
3070,25291
3071,26559
3072,24935
3073,24818
3074,24502
3075,42299
3076,22606
3077,11404
3078,25726
3079,10593
3080,13146
3081,10238
3082,14832
3083,13576
3084,10333
3085,29975
3086,14451
3087,23723
3088,12905
3089,22467
3090,22203
3091,16798
3092,16406
3093,15233
3094,31316
3095,33514
3096,12313
3097,15722
3098,23970
3099,33763
3100,23646
3101,20927
3102,41594
3103,26468
3104,13436
3105,20827
3106,15102
3107,12976
3108,12152
3109,12939
3110,20654
3111,14135
3112,15935
3113,24550
3114,13276
3115,38443
3116,15117
3117,11856
3118,10695
3119,17978
3120,8986
3121,27454
3122,19404
3123,20583
3124,21748
3125,49123
3126,14688
3127,13852
3128,27370
3129,13776
3130,25776
3131,12597
3132,15903
3133,13522
3134,22975
3135,14328
3136,10172
3137,25335
3138,8809
3139,12754
3140,122555
3141,18606
3142,23645
3143,23668
3144,22033
3145,34059
3146,15733
3147,13926
3148,21187
3149,25986
3150,16443
3151,14210
3152,18696
3153,22603
3154,23136
3155,31545
3156,32759
3157,26472
3158,23034
3159,12389
3160,19555
3161,54177
3162,14347
3163,25915
3164,17093
3165,9955
3166,21919
3167,11714
3168,38597
3169,23738
3170,14238
3171,16161
3172,7714
3173,17186
3174,17475
3175,14012
3176,23093
3177,20013
3178,17678
3179,16074
3180,23507
3181,15266
3182,43787
3183,10010
3184,22515
3185,20644
3186,20444
3187,24190
3188,18191
3189,20503
3190,22864
3191,13626
3192,11098
3193,18704
3194,17510
3195,15709
3196,17488
3197,11167
3198,14814
3199,23651
3200,13709
